2022-06-29 21:38:51,2022-06-30 02:14:00,水曜日,07:40,""
2022-06-29 21:38:51,2022-06-30 02:14:00,水曜日,07:40,""
2022-06-29 21:38:51,2022-06-30 02:14:00,水曜日,07:50,""
2022-06-29 21:38:51,2022-06-30 02:14:00,水曜日,07:50,""
2022-06-29 21:38:51,2022-06-30 02:14:00,水曜日,07:50,""
2022-06-29 21:38:51,2022-06-30 02:14:00,水曜日,08:00,""
2022-06-29 21:38:51,2022-06-30 02:14:00,水曜日,08:00,""
2022-06-29 21:38:51,2022-06-30 02:14:00,水曜日,08:00,""
2022-06-29 21:38:51,2022-06-30 02:14:00,水曜日,08:10,""
2022-06-29 21:38:51,2022-06-30 02:14:00,水曜日,08:10,""
2022-06-29 21:38:51,2022-06-30 02:14:00,水曜日,08:10,""
2022-06-29 21:38:51,2022-06-30 02:14:00,水曜日,08:20,""
2022-06-29 21:38:51,2022-06-30 02:14:00,水曜日,08:20,""
2022-06-29 21:38:51,2022-06-30 02:14:00,水曜日,11:40,""
2022-06-29 21:38:51,2022-06-30 02:14:00,水曜日,11:40,""
2022-06-29 21:38:51,2022-06-30 02:14:00,水曜日,11:50,""
2022-06-29 21:38:51,2022-06-30 02:14:00,水曜日,11:50,""
2022-06-29 21:38:51,2022-06-30 02:14:00,水曜日,11:50,""
2022-06-29 21:38:51,2022-06-30 02:14:00,水曜日,12:00,""
2022-06-29 21:38:51,2022-06-30 02:14:00,水曜日,12:00,""
2022-06-29 21:38:51,2022-06-30 02:14:00,水曜日,12:00,""
2022-06-29 21:38:51,2022-06-30 02:14:00,水曜日,12:10,""
2022-06-29 21:38:51,2022-06-30 02:14:00,水曜日,12:10,""
2022-06-29 21:38:51,2022-06-30 02:14:00,水曜日,12:10,""
2022-06-29 21:38:51,2022-06-30 02:14:00,水曜日,12:20,""
2022-06-29 21:38:51,2022-06-30 02:14:00,水曜日,12:20,""
2022-06-29 21:38:51,2022-06-30 02:14:00,水曜日,15:40,""
2022-06-29 21:38:51,2022-06-30 02:14:00,水曜日,15:40,""
2022-06-29 21:38:51,2022-06-30 02:14:00,水曜日,15:50,""
2022-06-29 21:38:51,2022-06-30 02:14:00,水曜日,15:50,""
2022-06-29 21:38:51,2022-06-30 02:14:00,水曜日,15:50,""
2022-06-29 21:38:51,2022-06-30 02:14:00,水曜日,16:00,""
2022-06-29 21:38:51,2022-06-30 02:14:00,水曜日,16:00,""
2022-06-29 21:38:51,2022-06-30 02:14:00,水曜日,16:00,""
2022-06-29 21:38:51,2022-06-30 02:14:00,水曜日,16:10,""
2022-06-29 21:38:51,2022-06-30 02:14:00,水曜日,16:10,""
2022-06-29 21:38:51,2022-06-30 02:14:00,水曜日,16:10,""
2022-06-29 21:38:51,2022-06-30 02:14:00,水曜日,16:20,""
2022-06-29 21:38:51,2022-06-30 02:14:00,水曜日,16:20,""
2022-06-29 21:38:51,2022-06-30 02:14:00,水曜日,20:40,""
2022-06-29 21:38:51,2022-06-30 02:14:00,水曜日,20:40,""
2022-06-29 21:38:51,2022-06-30 02:14:00,水曜日,20:50,""
2022-06-29 21:38:51,2022-06-30 02:14:00,水曜日,20:50,""
2022-06-29 21:38:51,2022-06-30 02:14:00,水曜日,20:50,""
2022-06-29 21:38:51,2022-06-30 02:14:00,水曜日,21:00,""
2022-06-29 21:38:51,2022-06-30 02:14:00,水曜日,21:00,""
2022-06-29 21:38:51,2022-06-30 02:14:00,水曜日,21:00,""
2022-06-29 21:38:51,2022-06-30 02:14:00,水曜日,21:10,""
2022-06-29 21:38:51,2022-06-30 02:14:00,水曜日,21:10,""
2022-06-29 21:38:51,2022-06-30 02:14:00,水曜日,21:10,""
2022-06-29 21:38:51,2022-06-30 02:14:00,水曜日,21:20,""
2022-06-29 21:38:51,2022-06-30 02:14:00,水曜日,21:20,""