0,2022-07-30 15:10:51,-27,-81,リビング,2
3,2022-07-30 15:10:54,-28,-77,リビング,2
6,2022-07-30 15:10:57,-34,-88,リビング,2
9,2022-07-30 15:11:00,-41,-88,リビング,2
12,2022-07-30 15:11:03,-38,-110,リビング,2
15,2022-07-30 15:11:06,-53,-76,リビング,2
18,2022-07-30 15:11:09,-37,-75,リビング,2
21,2022-07-30 15:11:12,-37,-75,リビング,2
24,2022-07-30 15:11:15,-38,-78,リビング,2
27,2022-07-30 15:11:18,-36,-76,リビング,2
30,2022-07-30 15:11:21,-36,-72,リビング,2
33,2022-07-30 15:11:24,-89,-74,玄関,1
36,2022-07-30 15:11:27,-37,-74,リビング,2
39,2022-07-30 15:11:30,-88,-74,玄関,1
42,2022-07-30 15:11:33,-36,-72,リビング,2
45,2022-07-30 15:11:36,-37,-71,リビング,2
48,2022-07-30 15:11:39,-37,-73,リビング,2
51,2022-07-30 15:11:42,-110,-76,玄関,1
54,2022-07-30 15:11:45,-35,-110,リビング,2
57,2022-07-30 15:11:48,-89,-110,リビング,2
60,2022-07-30 15:11:51,-36,-74,リビング,2
63,2022-07-30 15:11:54,-85,-73,玄関,1
66,2022-07-30 15:11:57,-110,-78,玄関,1
69,2022-07-30 15:12:00,-31,-87,リビング,2
72,2022-07-30 15:12:03,-89,-110,リビング,2
75,2022-07-30 15:12:06,-40,-110,リビング,2
78,2022-07-30 15:12:09,-33,-77,リビング,2
81,2022-07-30 15:12:12,-34,-71,リビング,2
84,2022-07-30 15:12:15,-110,-61,玄関,1
87,2022-07-30 15:12:18,-92,-59,玄関,1
90,2022-07-30 15:12:21,-94,-110,リビング,2
93,2022-07-30 15:12:24,-85,-57,玄関,1
96,2022-07-30 15:12:27,-86,-110,リビング,2
99,2022-07-30 15:12:30,-83,-110,リビング,2
102,2022-07-30 15:12:33,-92,-110,リビング,2
105,2022-07-30 15:12:36,-93,-110,リビング,2
108,2022-07-30 15:12:39,-85,-110,リビング,2
111,2022-07-30 15:12:42,-83,-110,リビング,2
114,2022-07-30 15:12:45,-83,-110,リビング,2
117,2022-07-30 15:12:48,-34,-53,リビング,2
120,2022-07-30 15:12:51,-34,-53,リビング,2
123,2022-07-30 15:12:54,-93,-110,リビング,2
126,2022-07-30 15:12:57,-39,-110,リビング,2
129,2022-07-30 15:13:00,-39,-57,リビング,2
132,2022-07-30 15:13:03,-110,-110,圏外,0
135,2022-07-30 15:13:06,-50,-56,リビング,2
138,2022-07-30 15:13:09,-41,-57,リビング,2
141,2022-07-30 15:13:12,-32,-59,リビング,2
144,2022-07-30 15:13:15,-33,-61,リビング,2
147,2022-07-30 15:13:18,-85,-110,リビング,2
150,2022-07-30 15:13:21,-110,-110,圏外,0
153,2022-07-30 15:13:24,-43,-60,リビング,2
156,2022-07-30 15:13:27,-42,-60,リビング,2
159,2022-07-30 15:13:30,-43,-110,リビング,2
162,2022-07-30 15:13:33,-110,-110,圏外,0
165,2022-07-30 15:13:36,-97,-110,リビング,2
168,2022-07-30 15:13:39,-84,-110,リビング,2
171,2022-07-30 15:13:42,-85,-110,リビング,2
174,2022-07-30 15:13:45,-84,-110,リビング,2
177,2022-07-30 15:13:48,-84,-110,リビング,2
180,2022-07-30 15:13:51,-110,-59,玄関,1
183,2022-07-30 15:13:54,-44,-59,リビング,2
186,2022-07-30 15:13:57,-92,-110,リビング,2
189,2022-07-30 15:14:00,-41,-60,リビング,2
192,2022-07-30 15:14:03,-85,-110,リビング,2
195,2022-07-30 15:14:06,-49,-110,リビング,2
198,2022-07-30 15:14:09,-35,-110,リビング,2
201,2022-07-30 15:14:12,-110,-110,圏外,0
204,2022-07-30 15:14:15,-110,-110,圏外,0
207,2022-07-30 15:14:18,-94,-110,リビング,2
210,2022-07-30 15:14:21,-86,-59,玄関,1
213,2022-07-30 15:14:24,-83,-53,玄関,1
216,2022-07-30 15:14:27,-33,-53,リビング,2
219,2022-07-30 15:14:30,-33,-53,リビング,2
222,2022-07-30 15:14:33,-33,-60,リビング,2
225,2022-07-30 15:14:36,-34,-60,リビング,2
228,2022-07-30 15:14:39,-110,-59,玄関,1
231,2022-07-30 15:14:42,-92,-110,リビング,2
234,2022-07-30 15:14:45,-84,-110,リビング,2
237,2022-07-30 15:14:48,-80,-110,リビング,2
240,2022-07-30 15:14:51,-35,-57,リビング,2
243,2022-07-30 15:14:54,-32,-53,リビング,2
246,2022-07-30 15:14:57,-35,-53,リビング,2
249,2022-07-30 15:15:00,-34,-52,リビング,2
252,2022-07-30 15:15:03,-37,-58,リビング,2
255,2022-07-30 15:15:06,-56,-60,リビング,2
258,2022-07-30 15:15:09,-31,-110,リビング,2
261,2022-07-30 15:15:12,-85,-110,リビング,2
264,2022-07-30 15:15:15,-85,-65,玄関,1
267,2022-07-30 15:15:18,-110,-58,玄関,1
270,2022-07-30 15:15:21,-91,-59,玄関,1
273,2022-07-30 15:15:24,-92,-110,リビング,2
276,2022-07-30 15:15:27,-91,-110,リビング,2
279,2022-07-30 15:15:30,-84,-110,リビング,2
282,2022-07-30 15:15:33,-83,-110,リビング,2
285,2022-07-30 15:15:36,-90,-67,玄関,1
288,2022-07-30 15:15:39,-91,-57,玄関,1
291,2022-07-30 15:15:42,-81,-110,リビング,2
294,2022-07-30 15:15:45,-85,-110,リビング,2
297,2022-07-30 15:15:48,-83,-110,リビング,2
300,2022-07-30 15:15:51,-110,-58,玄関,1
303,2022-07-30 15:15:54,-38,-110,リビング,2
306,2022-07-30 15:15:57,-93,-110,リビング,2
309,2022-07-30 15:16:00,-36,-59,リビング,2
312,2022-07-30 15:16:03,-84,-110,リビング,2
315,2022-07-30 15:16:06,-47,-110,リビング,2
318,2022-07-30 15:16:09,-32,-59,リビング,2
321,2022-07-30 15:16:12,-110,-110,圏外,0
324,2022-07-30 15:16:15,-85,-110,リビング,2
327,2022-07-30 15:16:18,-38,-58,リビング,2
330,2022-07-30 15:16:21,-49,-110,リビング,2
333,2022-07-30 15:16:24,-91,-110,リビング,2
336,2022-07-30 15:16:27,-83,-110,リビング,2
339,2022-07-30 15:16:30,-82,-55,玄関,1
342,2022-07-30 15:16:33,-95,-110,リビング,2
345,2022-07-30 15:16:36,-42,-110,リビング,2
348,2022-07-30 15:16:39,-33,-59,リビング,2
351,2022-07-30 15:16:42,-86,-110,リビング,2
354,2022-07-30 15:16:45,-86,-110,リビング,2
357,2022-07-30 15:16:48,-82,-110,リビング,2
360,2022-07-30 15:16:51,-110,-110,圏外,0
363,2022-07-30 15:16:54,-110,-110,圏外,0
366,2022-07-30 15:16:57,-96,-110,リビング,2
369,2022-07-30 15:17:00,-34,-58,リビング,2
372,2022-07-30 15:17:03,-85,-110,リビング,2
375,2022-07-30 15:17:06,-50,-110,リビング,2
378,2022-07-30 15:17:09,-35,-110,リビング,2
381,2022-07-30 15:17:12,-92,-110,リビング,2
384,2022-07-30 15:17:15,-93,-110,リビング,2
387,2022-07-30 15:17:18,-85,-110,リビング,2
390,2022-07-30 15:17:21,-36,-58,リビング,2
393,2022-07-30 15:17:24,-52,-55,リビング,2
396,2022-07-30 15:17:27,-55,-110,リビング,2
399,2022-07-30 15:17:30,-56,-110,リビング,2
402,2022-07-30 15:17:33,-84,-110,リビング,2
405,2022-07-30 15:17:36,-34,-59,リビング,2
408,2022-07-30 15:17:39,-34,-53,リビング,2
411,2022-07-30 15:17:42,-110,-110,圏外,0
414,2022-07-30 15:17:45,-94,-110,リビング,2
417,2022-07-30 15:17:48,-42,-110,リビング,2
420,2022-07-30 15:17:51,-34,-59,リビング,2
423,2022-07-30 15:17:54,-85,-110,リビング,2
426,2022-07-30 15:17:57,-83,-110,リビング,2
429,2022-07-30 15:18:00,-34,-60,リビング,2
432,2022-07-30 15:18:03,-110,-110,圏外,0
435,2022-07-30 15:18:06,-57,-110,リビング,2
438,2022-07-30 15:18:09,-42,-110,リビング,2
441,2022-07-30 15:18:12,-86,-110,リビング,2
444,2022-07-30 15:18:15,-83,-110,リビング,2
447,2022-07-30 15:18:18,-110,-110,圏外,0
450,2022-07-30 15:18:21,-43,-76,リビング,2
453,2022-07-30 15:18:24,-110,-110,圏外,0
456,2022-07-30 15:18:27,-86,-110,リビング,2
459,2022-07-30 15:18:30,-84,-110,リビング,2
462,2022-07-30 15:18:33,-110,-110,圏外,0
465,2022-07-30 15:18:36,-87,-58,玄関,1
468,2022-07-30 15:18:39,-85,-110,リビング,2
471,2022-07-30 15:18:42,-34,-110,リビング,2
474,2022-07-30 15:18:45,-80,-110,リビング,2
477,2022-07-30 15:18:48,-110,-110,圏外,0
480,2022-07-30 15:18:51,-110,-59,玄関,1
483,2022-07-30 15:18:54,-110,-110,圏外,0
486,2022-07-30 15:18:57,-110,-110,圏外,0
489,2022-07-30 15:19:00,-33,-56,リビング,2
492,2022-07-30 15:19:03,-87,-110,リビング,2
495,2022-07-30 15:19:06,-34,-53,リビング,2
498,2022-07-30 15:19:09,-41,-110,リビング,2
501,2022-07-30 15:19:12,-57,-110,リビング,2
504,2022-07-30 15:19:15,-86,-110,リビング,2
507,2022-07-30 15:19:18,-110,-110,圏外,0
510,2022-07-30 15:19:21,-34,-110,リビング,2
513,2022-07-30 15:19:24,-92,-110,リビング,2
516,2022-07-30 15:19:27,-86,-110,リビング,2
519,2022-07-30 15:19:30,-86,-110,リビング,2
522,2022-07-30 15:19:33,-34,-54,リビング,2
525,2022-07-30 15:19:36,-85,-110,リビング,2
528,2022-07-30 15:19:39,-85,-53,玄関,1
531,2022-07-30 15:19:42,-85,-110,リビング,2
534,2022-07-30 15:19:45,-91,-110,リビング,2
537,2022-07-30 15:19:48,-82,-110,リビング,2
540,2022-07-30 15:19:51,-34,-54,リビング,2
543,2022-07-30 15:19:54,-85,-110,リビング,2
546,2022-07-30 15:19:57,-82,-110,リビング,2
549,2022-07-30 15:20:00,-38,-110,リビング,2
552,2022-07-30 15:20:03,-85,-110,リビング,2
555,2022-07-30 15:20:06,-48,-110,リビング,2
558,2022-07-30 15:20:09,-33,-57,リビング,2
561,2022-07-30 15:20:12,-84,-55,玄関,1
564,2022-07-30 15:20:15,-110,-110,圏外,0
567,2022-07-30 15:20:18,-34,-59,リビング,2
570,2022-07-30 15:20:21,-34,-110,リビング,2
573,2022-07-30 15:20:24,-86,-57,玄関,1
576,2022-07-30 15:20:27,-35,-110,リビング,2
579,2022-07-30 15:20:30,-83,-110,リビング,2
582,2022-07-30 15:20:33,-110,-110,圏外,0
585,2022-07-30 15:20:36,-110,-58,玄関,1
588,2022-07-30 15:20:39,-40,-110,リビング,2
591,2022-07-30 15:20:42,-41,-110,リビング,2
594,2022-07-30 15:20:45,-91,-110,リビング,2
597,2022-07-30 15:20:48,-32,-61,リビング,2
600,2022-07-30 15:20:51,-33,-56,リビング,2
603,2022-07-30 15:20:54,-110,-58,玄関,1
606,2022-07-30 15:20:57,-110,-58,玄関,1
609,2022-07-30 15:21:00,-40,-59,リビング,2
612,2022-07-30 15:21:03,-39,-59,リビング,2
615,2022-07-30 15:21:06,-54,-110,リビング,2
618,2022-07-30 15:21:09,-34,-110,リビング,2
621,2022-07-30 15:21:12,-83,-110,リビング,2
624,2022-07-30 15:21:15,-33,-54,リビング,2
627,2022-07-30 15:21:18,-85,-110,リビング,2
630,2022-07-30 15:21:21,-96,-59,玄関,1
633,2022-07-30 15:21:24,-58,-110,リビング,2
636,2022-07-30 15:21:27,-87,-110,リビング,2
639,2022-07-30 15:21:30,-39,-54,リビング,2
642,2022-07-30 15:21:33,-83,-110,リビング,2
645,2022-07-30 15:21:36,-84,-110,リビング,2
648,2022-07-30 15:21:39,-83,-110,リビング,2
651,2022-07-30 15:21:42,-110,-110,圏外,0
654,2022-07-30 15:21:45,-92,-110,リビング,2
657,2022-07-30 15:21:48,-33,-58,リビング,2
660,2022-07-30 15:21:51,-33,-61,リビング,2
663,2022-07-30 15:21:54,-82,-110,リビング,2
666,2022-07-30 15:21:57,-84,-110,リビング,2
669,2022-07-30 15:22:00,-33,-57,リビング,2
672,2022-07-30 15:22:03,-93,-110,リビング,2
675,2022-07-30 15:22:06,-41,-110,リビング,2
678,2022-07-30 15:22:09,-31,-57,リビング,2
681,2022-07-30 15:22:12,-33,-58,リビング,2
684,2022-07-30 15:22:15,-34,-53,リビング,2
687,2022-07-30 15:22:18,-35,-69,リビング,2
690,2022-07-30 15:22:21,-34,-61,リビング,2
693,2022-07-30 15:22:24,-96,-110,リビング,2
696,2022-07-30 15:22:27,-85,-110,リビング,2
699,2022-07-30 15:22:30,-32,-56,リビング,2
702,2022-07-30 15:22:33,-35,-54,リビング,2
705,2022-07-30 15:22:36,-85,-110,リビング,2
708,2022-07-30 15:22:39,-83,-110,リビング,2
711,2022-07-30 15:22:42,-37,-110,リビング,2
714,2022-07-30 15:22:45,-85,-110,リビング,2
717,2022-07-30 15:22:48,-82,-110,リビング,2
720,2022-07-30 15:22:51,-51,-65,リビング,2
723,2022-07-30 15:22:54,-110,-110,圏外,0
726,2022-07-30 15:22:57,-41,-110,リビング,2
729,2022-07-30 15:23:00,-50,-66,リビング,2
732,2022-07-30 15:23:03,-85,-110,リビング,2
735,2022-07-30 15:23:06,-49,-110,リビング,2
738,2022-07-30 15:23:09,-51,-61,リビング,2
741,2022-07-30 15:23:12,-83,-110,リビング,2
744,2022-07-30 15:23:15,-83,-110,リビング,2
747,2022-07-30 15:23:18,-90,-110,リビング,2
750,2022-07-30 15:23:21,-86,-72,玄関,1
753,2022-07-30 15:23:24,-85,-58,玄関,1
756,2022-07-30 15:23:27,-110,-110,圏外,0
759,2022-07-30 15:23:30,-85,-110,リビング,2
762,2022-07-30 15:23:33,-83,-110,リビング,2
765,2022-07-30 15:23:36,-94,-110,リビング,2
768,2022-07-30 15:23:39,-94,-110,リビング,2
771,2022-07-30 15:23:42,-110,-110,圏外,0
774,2022-07-30 15:23:45,-93,-110,リビング,2
777,2022-07-30 15:23:48,-85,-110,リビング,2
780,2022-07-30 15:23:51,-33,-53,リビング,2
783,2022-07-30 15:23:54,-83,-110,リビング,2
786,2022-07-30 15:23:57,-92,-110,リビング,2
789,2022-07-30 15:24:00,-38,-110,リビング,2
792,2022-07-30 15:24:03,-90,-110,リビング,2
795,2022-07-30 15:24:06,-33,-110,リビング,2
798,2022-07-30 15:24:09,-32,-110,リビング,2
801,2022-07-30 15:24:12,-84,-110,リビング,2
804,2022-07-30 15:24:15,-82,-110,リビング,2
807,2022-07-30 15:24:18,-91,-60,玄関,1
810,2022-07-30 15:24:21,-39,-59,リビング,2
813,2022-07-30 15:24:24,-85,-60,玄関,1
816,2022-07-30 15:24:27,-83,-110,リビング,2
819,2022-07-30 15:24:30,-32,-55,リビング,2
822,2022-07-30 15:24:33,-83,-110,リビング,2
825,2022-07-30 15:24:36,-83,-110,リビング,2
828,2022-07-30 15:24:39,-110,-110,圏外,0
831,2022-07-30 15:24:42,-110,-110,圏外,0
834,2022-07-30 15:24:45,-110,-110,圏外,0
837,2022-07-30 15:24:48,-93,-110,リビング,2
840,2022-07-30 15:24:51,-38,-110,リビング,2
843,2022-07-30 15:24:54,-94,-110,リビング,2
846,2022-07-30 15:24:57,-91,-110,リビング,2
849,2022-07-30 15:25:00,-33,-61,リビング,2
852,2022-07-30 15:25:03,-32,-110,リビング,2
855,2022-07-30 15:25:06,-49,-110,リビング,2
858,2022-07-30 15:25:09,-39,-110,リビング,2
861,2022-07-30 15:25:12,-93,-110,リビング,2
864,2022-07-30 15:25:15,-84,-110,リビング,2
867,2022-07-30 15:25:18,-84,-110,リビング,2
870,2022-07-30 15:25:21,-33,-55,リビング,2
873,2022-07-30 15:25:24,-83,-55,玄関,1
876,2022-07-30 15:25:27,-83,-110,リビング,2
879,2022-07-30 15:25:30,-83,-110,リビング,2
882,2022-07-30 15:25:33,-82,-110,リビング,2
885,2022-07-30 15:25:36,-92,-110,リビング,2
888,2022-07-30 15:25:39,-110,-110,圏外,0
891,2022-07-30 15:25:42,-84,-110,リビング,2
894,2022-07-30 15:25:45,-83,-110,リビング,2
897,2022-07-30 15:25:48,-32,-110,リビング,2
900,2022-07-30 15:25:51,-33,-53,リビング,2
903,2022-07-30 15:25:54,-91,-110,リビング,2
906,2022-07-30 15:25:57,-38,-59,リビング,2
909,2022-07-30 15:26:00,-37,-58,リビング,2
912,2022-07-30 15:26:03,-35,-59,リビング,2
915,2022-07-30 15:26:06,-58,-59,リビング,2
918,2022-07-30 15:26:09,-32,-110,リビング,2
921,2022-07-30 15:26:12,-33,-110,リビング,2
924,2022-07-30 15:26:15,-32,-55,リビング,2
927,2022-07-30 15:26:18,-86,-110,リビング,2
930,2022-07-30 15:26:21,-34,-56,リビング,2
933,2022-07-30 15:26:24,-85,-56,玄関,1
936,2022-07-30 15:26:27,-85,-59,玄関,1
939,2022-07-30 15:26:30,-93,-110,リビング,2
942,2022-07-30 15:26:33,-92,-110,リビング,2
945,2022-07-30 15:26:36,-91,-110,リビング,2
948,2022-07-30 15:26:39,-90,-110,リビング,2
951,2022-07-30 15:26:42,-84,-110,リビング,2
954,2022-07-30 15:26:45,-85,-110,リビング,2
957,2022-07-30 15:26:48,-84,-110,リビング,2
960,2022-07-30 15:26:51,-32,-55,リビング,2
963,2022-07-30 15:26:54,-34,-56,リビング,2
966,2022-07-30 15:26:57,-110,-61,玄関,1
969,2022-07-30 15:27:00,-38,-61,リビング,2
972,2022-07-30 15:27:03,-90,-110,リビング,2
975,2022-07-30 15:27:06,-32,-110,リビング,2
978,2022-07-30 15:27:09,-33,-110,リビング,2
981,2022-07-30 15:27:12,-86,-110,リビング,2
984,2022-07-30 15:27:15,-84,-110,リビング,2
987,2022-07-30 15:27:18,-91,-110,リビング,2
990,2022-07-30 15:27:21,-39,-60,リビング,2
993,2022-07-30 15:27:24,-32,-62,リビング,2
996,2022-07-30 15:27:27,-84,-110,リビング,2
999,2022-07-30 15:27:30,-48,-110,リビング,2
1002,2022-07-30 15:27:33,-52,-110,リビング,2
1005,2022-07-30 15:27:36,-54,-110,リビング,2
1008,2022-07-30 15:27:39,-49,-110,リビング,2
1011,2022-07-30 15:27:42,-48,-61,リビング,2
1014,2022-07-30 15:27:45,-84,-110,リビング,2
1017,2022-07-30 15:27:48,-84,-110,リビング,2
1020,2022-07-30 15:27:51,-39,-110,リビング,2
1023,2022-07-30 15:27:54,-94,-110,リビング,2
1026,2022-07-30 15:27:57,-84,-61,玄関,1
1029,2022-07-30 15:28:00,-32,-56,リビング,2
1032,2022-07-30 15:28:03,-84,-110,リビング,2
1035,2022-07-30 15:28:06,-51,-110,リビング,2
1038,2022-07-30 15:28:09,-33,-110,リビング,2
1041,2022-07-30 15:28:12,-84,-110,リビング,2
1044,2022-07-30 15:28:15,-39,-110,リビング,2
1047,2022-07-30 15:28:18,-91,-110,リビング,2
1050,2022-07-30 15:28:21,-84,-72,玄関,1
1053,2022-07-30 15:28:24,-85,-61,玄関,1
1056,2022-07-30 15:28:27,-40,-110,リビング,2
1059,2022-07-30 15:28:30,-91,-110,リビング,2
1062,2022-07-30 15:28:33,-84,-110,リビング,2
1065,2022-07-30 15:28:36,-94,-110,リビング,2
1068,2022-07-30 15:28:39,-84,-110,リビング,2
1071,2022-07-30 15:28:42,-85,-110,リビング,2
1074,2022-07-30 15:28:45,-83,-110,リビング,2
1077,2022-07-30 15:28:48,-92,-110,リビング,2
1080,2022-07-30 15:28:51,-41,-110,リビング,2
1083,2022-07-30 15:28:54,-92,-110,リビング,2
1086,2022-07-30 15:28:57,-32,-64,リビング,2
1089,2022-07-30 15:29:00,-34,-56,リビング,2
1092,2022-07-30 15:29:03,-84,-110,リビング,2
1095,2022-07-30 15:29:06,-50,-110,リビング,2
1098,2022-07-30 15:29:09,-45,-63,リビング,2
1101,2022-07-30 15:29:12,-97,-110,リビング,2
1104,2022-07-30 15:29:15,-110,-110,圏外,0
1107,2022-07-30 15:29:18,-82,-110,リビング,2
1110,2022-07-30 15:29:21,-110,-58,玄関,1
1113,2022-07-30 15:29:24,-40,-61,リビング,2
1116,2022-07-30 15:29:27,-86,-56,玄関,1
1119,2022-07-30 15:29:30,-34,-59,リビング,2
1122,2022-07-30 15:29:33,-97,-110,リビング,2
1125,2022-07-30 15:29:36,-93,-110,リビング,2
1128,2022-07-30 15:29:39,-86,-110,リビング,2
1131,2022-07-30 15:29:42,-37,-63,リビング,2
1134,2022-07-30 15:29:45,-85,-110,リビング,2
1137,2022-07-30 15:29:48,-85,-110,リビング,2
1140,2022-07-30 15:29:51,-36,-59,リビング,2
1143,2022-07-30 15:29:54,-86,-110,リビング,2
1146,2022-07-30 15:29:57,-95,-110,リビング,2
1149,2022-07-30 15:30:00,-36,-60,リビング,2
1152,2022-07-30 15:30:03,-82,-110,リビング,2
1155,2022-07-30 15:30:06,-48,-110,リビング,2
1158,2022-07-30 15:30:09,-32,-110,リビング,2
1161,2022-07-30 15:30:12,-83,-110,リビング,2
1164,2022-07-30 15:30:15,-82,-110,リビング,2
1167,2022-07-30 15:30:18,-110,-110,圏外,0
1170,2022-07-30 15:30:21,-93,-74,玄関,1
1173,2022-07-30 15:30:24,-51,-69,リビング,2
1176,2022-07-30 15:30:27,-84,-110,リビング,2
1179,2022-07-30 15:30:30,-84,-110,リビング,2
1182,2022-07-30 15:30:33,-93,-110,リビング,2
1185,2022-07-30 15:30:36,-93,-110,リビング,2
1188,2022-07-30 15:30:39,-85,-110,リビング,2
1191,2022-07-30 15:30:42,-85,-110,リビング,2
1194,2022-07-30 15:30:45,-85,-110,リビング,2
1197,2022-07-30 15:30:48,-84,-110,リビング,2
1200,2022-07-30 15:30:51,-33,-60,リビング,2
1203,2022-07-30 15:30:54,-110,-110,圏外,0
1206,2022-07-30 15:30:57,-94,-110,リビング,2
1209,2022-07-30 15:31:00,-40,-59,リビング,2
1212,2022-07-30 15:31:03,-85,-62,玄関,1
1215,2022-07-30 15:31:06,-50,-110,リビング,2
1218,2022-07-30 15:31:09,-40,-110,リビング,2
1221,2022-07-30 15:31:12,-26,-110,リビング,2
1224,2022-07-30 15:31:15,-34,-55,リビング,2
1227,2022-07-30 15:31:18,-110,-110,圏外,0
1230,2022-07-30 15:31:21,-34,-55,リビング,2
1233,2022-07-30 15:31:24,-84,-110,リビング,2
1236,2022-07-30 15:31:27,-110,-110,圏外,0
1239,2022-07-30 15:31:30,-34,-110,リビング,2
1242,2022-07-30 15:31:33,-110,-110,圏外,0
1245,2022-07-30 15:31:36,-42,-56,リビング,2
1248,2022-07-30 15:31:39,-94,-62,玄関,1
1251,2022-07-30 15:31:42,-33,-58,リビング,2
1254,2022-07-30 15:31:45,-82,-52,玄関,1
1257,2022-07-30 15:31:48,-110,-65,玄関,1
1260,2022-07-30 15:31:51,-38,-110,リビング,2
1263,2022-07-30 15:31:54,-34,-56,リビング,2
1266,2022-07-30 15:31:57,-86,-56,玄関,1
1269,2022-07-30 15:32:00,-36,-52,リビング,2
1272,2022-07-30 15:32:03,-83,-53,玄関,1
1275,2022-07-30 15:32:06,-110,-110,圏外,0
1278,2022-07-30 15:32:09,-41,-110,リビング,2
1281,2022-07-30 15:32:12,-36,-110,リビング,2
1284,2022-07-30 15:32:15,-88,-110,リビング,2
1287,2022-07-30 15:32:18,-82,-110,リビング,2
1290,2022-07-30 15:32:21,-110,-75,玄関,1
1293,2022-07-30 15:32:24,-40,-110,リビング,2
1296,2022-07-30 15:32:27,-94,-70,玄関,1
1299,2022-07-30 15:32:30,-97,-56,玄関,1
1302,2022-07-30 15:32:33,-90,-53,玄関,1
1305,2022-07-30 15:32:36,-110,-110,圏外,0
1308,2022-07-30 15:32:39,-110,-110,圏外,0
1311,2022-07-30 15:32:42,-110,-59,玄関,1
1314,2022-07-30 15:32:45,-42,-110,リビング,2
1317,2022-07-30 15:32:48,-36,-53,リビング,2
1320,2022-07-30 15:32:51,-33,-53,リビング,2
1323,2022-07-30 15:32:54,-33,-110,リビング,2
1326,2022-07-30 15:32:57,-51,-68,リビング,2
1329,2022-07-30 15:33:00,-43,-56,リビング,2
1332,2022-07-30 15:33:03,-89,-53,玄関,1
1335,2022-07-30 15:33:06,-50,-53,リビング,2
1338,2022-07-30 15:33:09,-43,-59,リビング,2
1341,2022-07-30 15:33:12,-42,-110,リビング,2
1344,2022-07-30 15:33:15,-38,-110,リビング,2
1347,2022-07-30 15:33:18,-110,-110,圏外,0
1350,2022-07-30 15:33:21,-36,-73,リビング,2
1353,2022-07-30 15:33:24,-82,-57,玄関,1
1356,2022-07-30 15:33:27,-110,-110,圏外,0
1359,2022-07-30 15:33:30,-45,-110,リビング,2
1362,2022-07-30 15:33:33,-47,-110,リビング,2
1365,2022-07-30 15:33:36,-83,-110,リビング,2
1368,2022-07-30 15:33:39,-93,-110,リビング,2
1371,2022-07-30 15:33:42,-110,-110,圏外,0
1374,2022-07-30 15:33:45,-34,-52,リビング,2
1377,2022-07-30 15:33:48,-86,-53,玄関,1
1380,2022-07-30 15:33:51,-32,-53,リビング,2
1383,2022-07-30 15:33:54,-82,-57,玄関,1
1386,2022-07-30 15:33:57,-83,-110,リビング,2
1389,2022-07-30 15:34:00,-110,-57,玄関,1
1392,2022-07-30 15:34:03,-41,-110,リビング,2
1395,2022-07-30 15:34:06,-56,-110,リビング,2
1398,2022-07-30 15:34:09,-40,-58,リビング,2
1401,2022-07-30 15:34:12,-85,-59,玄関,1
1404,2022-07-30 15:34:15,-87,-110,リビング,2
1407,2022-07-30 15:34:18,-82,-110,リビング,2
1410,2022-07-30 15:34:21,-33,-53,リビング,2
1413,2022-07-30 15:34:24,-110,-58,玄関,1
1416,2022-07-30 15:34:27,-94,-110,リビング,2
1419,2022-07-30 15:34:30,-42,-59,リビング,2
1422,2022-07-30 15:34:33,-85,-110,リビング,2
1425,2022-07-30 15:34:36,-35,-110,リビング,2
1428,2022-07-30 15:34:39,-87,-110,リビング,2
1431,2022-07-30 15:34:42,-86,-110,リビング,2
1434,2022-07-30 15:34:45,-83,-110,リビング,2
1437,2022-07-30 15:34:48,-110,-110,圏外,0
1440,2022-07-30 15:34:51,-38,-57,リビング,2
1443,2022-07-30 15:34:54,-38,-56,リビング,2
1446,2022-07-30 15:34:57,-34,-56,リビング,2
1449,2022-07-30 15:35:00,-38,-56,リビング,2
1452,2022-07-30 15:35:03,-82,-53,玄関,1
1455,2022-07-30 15:35:06,-110,-57,玄関,1
1458,2022-07-30 15:35:09,-38,-110,リビング,2
1461,2022-07-30 15:35:12,-39,-110,リビング,2
1464,2022-07-30 15:35:15,-90,-110,リビング,2
1467,2022-07-30 15:35:18,-86,-110,リビング,2
1470,2022-07-30 15:35:21,-33,-52,リビング,2
1473,2022-07-30 15:35:24,-33,-53,リビング,2
1476,2022-07-30 15:35:27,-83,-110,リビング,2
1479,2022-07-30 15:35:30,-93,-110,リビング,2
1482,2022-07-30 15:35:33,-93,-57,玄関,1
1485,2022-07-30 15:35:36,-34,-57,リビング,2
1488,2022-07-30 15:35:39,-83,-52,玄関,1
1491,2022-07-30 15:35:42,-83,-58,玄関,1
1494,2022-07-30 15:35:45,-110,-110,圏外,0
1497,2022-07-30 15:35:48,-53,-62,リビング,2
1500,2022-07-30 15:35:51,-110,-110,圏外,0
1503,2022-07-30 15:35:54,-110,-110,圏外,0
1506,2022-07-30 15:35:57,-38,-53,リビング,2
1509,2022-07-30 15:36:00,-34,-53,リビング,2
1512,2022-07-30 15:36:03,-84,-60,玄関,1
1515,2022-07-30 15:36:06,-54,-65,リビング,2
1518,2022-07-30 15:36:09,-38,-58,リビング,2
1521,2022-07-30 15:36:12,-86,-110,リビング,2
1524,2022-07-30 15:36:15,-85,-110,リビング,2
1527,2022-07-30 15:36:18,-84,-53,玄関,1
1530,2022-07-30 15:36:21,-84,-58,玄関,1
1533,2022-07-30 15:36:24,-84,-59,玄関,1
1536,2022-07-30 15:36:27,-91,-110,リビング,2
1539,2022-07-30 15:36:30,-38,-57,リビング,2
1542,2022-07-30 15:36:33,-56,-63,リビング,2
1545,2022-07-30 15:36:36,-85,-52,玄関,1
1548,2022-07-30 15:36:39,-83,-110,リビング,2
1551,2022-07-30 15:36:42,-84,-58,玄関,1
1554,2022-07-30 15:36:45,-39,-110,リビング,2
1557,2022-07-30 15:36:48,-38,-110,リビング,2
1560,2022-07-30 15:36:51,-34,-57,リビング,2
1563,2022-07-30 15:36:54,-33,-57,リビング,2
1566,2022-07-30 15:36:57,-83,-110,リビング,2
1569,2022-07-30 15:37:00,-34,-58,リビング,2
1572,2022-07-30 15:37:03,-90,-110,リビング,2
1575,2022-07-30 15:37:06,-38,-110,リビング,2
1578,2022-07-30 15:37:09,-37,-110,リビング,2
1581,2022-07-30 15:37:12,-34,-110,リビング,2
1584,2022-07-30 15:37:15,-34,-110,リビング,2
1587,2022-07-30 15:37:18,-34,-53,リビング,2
1590,2022-07-30 15:37:21,-110,-58,玄関,1
1593,2022-07-30 15:37:24,-91,-110,リビング,2
1596,2022-07-30 15:37:27,-86,-58,玄関,1
1599,2022-07-30 15:37:30,-84,-53,玄関,1
1602,2022-07-30 15:37:33,-34,-58,リビング,2
1605,2022-07-30 15:37:36,-110,-58,玄関,1
1608,2022-07-30 15:37:39,-37,-110,リビング,2
1611,2022-07-30 15:37:42,-85,-59,玄関,1
1614,2022-07-30 15:37:45,-85,-53,玄関,1
1617,2022-07-30 15:37:48,-51,-110,リビング,2
1620,2022-07-30 15:37:51,-37,-110,リビング,2
1623,2022-07-30 15:37:54,-90,-110,リビング,2
1626,2022-07-30 15:37:57,-38,-57,リビング,2
1629,2022-07-30 15:38:00,-39,-53,リビング,2
1632,2022-07-30 15:38:03,-110,-53,玄関,1
1635,2022-07-30 15:38:06,-52,-52,玄関,1
1638,2022-07-30 15:38:09,-110,-58,玄関,1
1641,2022-07-30 15:38:12,-110,-110,圏外,0
1644,2022-07-30 15:38:15,-36,-110,リビング,2
1647,2022-07-30 15:38:18,-85,-110,リビング,2
1650,2022-07-30 15:38:21,-110,-73,玄関,1
1653,2022-07-30 15:38:24,-32,-52,リビング,2
1656,2022-07-30 15:38:27,-33,-53,リビング,2
1659,2022-07-30 15:38:30,-83,-110,リビング,2
1662,2022-07-30 15:38:33,-83,-110,リビング,2
1665,2022-07-30 15:38:36,-110,-110,圏外,0
1668,2022-07-30 15:38:39,-94,-110,リビング,2
1671,2022-07-30 15:38:42,-86,-110,リビング,2
1674,2022-07-30 15:38:45,-40,-110,リビング,2
1677,2022-07-30 15:38:48,-110,-110,圏外,0
1680,2022-07-30 15:38:51,-32,-52,リビング,2
1683,2022-07-30 15:38:54,-82,-53,玄関,1
1686,2022-07-30 15:38:57,-110,-62,玄関,1
1689,2022-07-30 15:39:00,-41,-57,リビング,2
1692,2022-07-30 15:39:03,-40,-110,リビング,2
1695,2022-07-30 15:39:06,-50,-56,リビング,2
1698,2022-07-30 15:39:09,-32,-53,リビング,2
1701,2022-07-30 15:39:12,-82,-110,リビング,2
1704,2022-07-30 15:39:15,-40,-110,リビング,2
1707,2022-07-30 15:39:18,-91,-110,リビング,2
1710,2022-07-30 15:39:21,-52,-53,リビング,2
1713,2022-07-30 15:39:24,-34,-53,リビング,2
1716,2022-07-30 15:39:27,-32,-52,リビング,2
1719,2022-07-30 15:39:30,-33,-53,リビング,2
1722,2022-07-30 15:39:33,-110,-110,圏外,0
1725,2022-07-30 15:39:36,-110,-110,圏外,0
1728,2022-07-30 15:39:39,-110,-110,圏外,0
1731,2022-07-30 15:39:42,-32,-110,リビング,2
1734,2022-07-30 15:39:45,-110,-110,圏外,0
1737,2022-07-30 15:39:48,-110,-110,圏外,0
1740,2022-07-30 15:39:51,-42,-110,リビング,2
1743,2022-07-30 15:39:54,-87,-110,リビング,2
1746,2022-07-30 15:39:57,-87,-52,玄関,1
1749,2022-07-30 15:40:00,-35,-52,リビング,2
1752,2022-07-30 15:40:03,-33,-60,リビング,2
1755,2022-07-30 15:40:06,-110,-60,玄関,1
1758,2022-07-30 15:40:09,-41,-110,リビング,2
1761,2022-07-30 15:40:12,-97,-57,玄関,1
1764,2022-07-30 15:40:15,-88,-110,リビング,2
1767,2022-07-30 15:40:18,-82,-53,玄関,1
1770,2022-07-30 15:40:21,-83,-76,玄関,1
1773,2022-07-30 15:40:24,-92,-56,玄関,1
1776,2022-07-30 15:40:27,-96,-110,リビング,2
1779,2022-07-30 15:40:30,-40,-110,リビング,2
1782,2022-07-30 15:40:33,-33,-110,リビング,2
1785,2022-07-30 15:40:36,-82,-110,リビング,2
1788,2022-07-30 15:40:39,-110,-110,圏外,0
1791,2022-07-30 15:40:42,-97,-110,リビング,2
1794,2022-07-30 15:40:45,-92,-57,玄関,1
1797,2022-07-30 15:40:48,-86,-74,玄関,1
1800,2022-07-30 15:40:51,-110,-110,圏外,0
1803,2022-07-30 15:40:54,-110,-110,圏外,0
1806,2022-07-30 15:40:57,-110,-110,圏外,0
1809,2022-07-30 15:41:00,-110,-110,圏外,0
1812,2022-07-30 15:41:03,-110,-110,圏外,0
1815,2022-07-30 15:41:06,-110,-110,圏外,0
1818,2022-07-30 15:41:09,-110,-110,圏外,0
1821,2022-07-30 15:41:12,-110,-110,圏外,0
1824,2022-07-30 15:41:15,-110,-110,圏外,0
1827,2022-07-30 15:41:18,-110,-110,圏外,0
1830,2022-07-30 15:41:21,-110,-110,圏外,0
1833,2022-07-30 15:41:24,-110,-110,圏外,0
1836,2022-07-30 15:41:27,-110,-110,圏外,0
1839,2022-07-30 15:41:30,-110,-110,圏外,0
1842,2022-07-30 15:41:33,-110,-110,圏外,0
1845,2022-07-30 15:41:36,-110,-110,圏外,0
1848,2022-07-30 15:41:39,-110,-110,圏外,0
1851,2022-07-30 15:41:42,-110,-110,圏外,0
1854,2022-07-30 15:41:45,-110,-110,圏外,0
1857,2022-07-30 15:41:48,-110,-110,圏外,0
1860,2022-07-30 15:41:51,-110,-110,圏外,0
1863,2022-07-30 15:41:54,-110,-110,圏外,0
1866,2022-07-30 15:41:57,-110,-110,圏外,0
1869,2022-07-30 15:42:00,-110,-110,圏外,0
1872,2022-07-30 15:42:03,-110,-110,圏外,0
1875,2022-07-30 15:42:06,-110,-110,圏外,0
1878,2022-07-30 15:42:09,-110,-110,圏外,0
1881,2022-07-30 15:42:12,-110,-110,圏外,0
1884,2022-07-30 15:42:15,-110,-110,圏外,0
1887,2022-07-30 15:42:18,-110,-110,圏外,0
1890,2022-07-30 15:42:21,-110,-110,圏外,0
1893,2022-07-30 15:42:24,-110,-110,圏外,0
1896,2022-07-30 15:42:27,-110,-110,圏外,0
1899,2022-07-30 15:42:30,-110,-110,圏外,0
1902,2022-07-30 15:42:33,-110,-110,圏外,0
1905,2022-07-30 15:42:36,-110,-110,圏外,0
1908,2022-07-30 15:42:39,-110,-110,圏外,0
1911,2022-07-30 15:42:42,-110,-110,圏外,0
1914,2022-07-30 15:42:45,-110,-110,圏外,0
1917,2022-07-30 15:42:48,-110,-110,圏外,0
1920,2022-07-30 15:42:51,-36,-83,リビング,2
1923,2022-07-30 15:42:54,-110,-92,玄関,1
1926,2022-07-30 15:42:57,-110,-110,圏外,0
1929,2022-07-30 15:43:00,-35,-79,リビング,2
1932,2022-07-30 15:43:03,-34,-85,リビング,2
1935,2022-07-30 15:43:06,-49,-85,リビング,2
1938,2022-07-30 15:43:09,-40,-110,リビング,2
1941,2022-07-30 15:43:12,-82,-91,リビング,2
1944,2022-07-30 15:43:15,-79,-110,リビング,2
1947,2022-07-30 15:43:18,-87,-80,玄関,1
1950,2022-07-30 15:43:21,-34,-83,リビング,2
1953,2022-07-30 15:43:24,-89,-83,玄関,1
1956,2022-07-30 15:43:27,-87,-84,玄関,1
1959,2022-07-30 15:43:30,-87,-110,リビング,2
1962,2022-07-30 15:43:33,-82,-110,リビング,2
1965,2022-07-30 15:43:36,-82,-92,リビング,2
1968,2022-07-30 15:43:39,-82,-89,リビング,2
1971,2022-07-30 15:43:42,-110,-110,圏外,0
1974,2022-07-30 15:43:45,-81,-110,リビング,2
1977,2022-07-30 15:43:48,-110,-78,玄関,1
1980,2022-07-30 15:43:51,-110,-77,玄関,1
1983,2022-07-30 15:43:54,-35,-85,リビング,2
1986,2022-07-30 15:43:57,-34,-83,リビング,2
1989,2022-07-30 15:44:00,-35,-84,リビング,2
1992,2022-07-30 15:44:03,-86,-94,リビング,2
1995,2022-07-30 15:44:06,-49,-91,リビング,2
1998,2022-07-30 15:44:09,-50,-110,リビング,2
2001,2022-07-30 15:44:12,-33,-78,リビング,2
2004,2022-07-30 15:44:15,-87,-77,玄関,1
2007,2022-07-30 15:44:18,-53,-82,リビング,2
2010,2022-07-30 15:44:21,-86,-85,玄関,1
2013,2022-07-30 15:44:24,-34,-91,リビング,2
2016,2022-07-30 15:44:27,-32,-110,リビング,2
2019,2022-07-30 15:44:30,-82,-78,玄関,1
2022,2022-07-30 15:44:33,-83,-77,玄関,1
2025,2022-07-30 15:44:36,-110,-78,玄関,1
2028,2022-07-30 15:44:39,-110,-79,玄関,1
2031,2022-07-30 15:44:42,-35,-86,リビング,2
2034,2022-07-30 15:44:45,-88,-89,リビング,2
2037,2022-07-30 15:44:48,-86,-86,玄関,1
2040,2022-07-30 15:44:51,-33,-90,リビング,2
2043,2022-07-30 15:44:54,-110,-110,圏外,0
2046,2022-07-30 15:44:57,-34,-78,リビング,2
2049,2022-07-30 15:45:00,-110,-110,圏外,0
2052,2022-07-30 15:45:03,-110,-110,圏外,0
2055,2022-07-30 15:45:06,-34,-89,リビング,2
2058,2022-07-30 15:45:09,-33,-78,リビング,2
2061,2022-07-30 15:45:12,-34,-83,リビング,2
2064,2022-07-30 15:45:15,-86,-110,リビング,2
2067,2022-07-30 15:45:18,-87,-110,リビング,2
2070,2022-07-30 15:45:21,-82,-79,玄関,1
2073,2022-07-30 15:45:24,-110,-80,玄関,1
2076,2022-07-30 15:45:27,-52,-85,リビング,2
2079,2022-07-30 15:45:30,-35,-88,リビング,2
2082,2022-07-30 15:45:33,-35,-91,リビング,2
2085,2022-07-30 15:45:36,-40,-91,リビング,2
2088,2022-07-30 15:45:39,-86,-95,リビング,2
2091,2022-07-30 15:45:42,-83,-77,玄関,1
2094,2022-07-30 15:45:45,-110,-110,圏外,0
2097,2022-07-30 15:45:48,-87,-86,玄関,1
2100,2022-07-30 15:45:51,-34,-110,リビング,2
2103,2022-07-30 15:45:54,-35,-92,リビング,2
2106,2022-07-30 15:45:57,-32,-92,リビング,2
2109,2022-07-30 15:46:00,-33,-110,リビング,2
2112,2022-07-30 15:46:03,-83,-110,リビング,2
2115,2022-07-30 15:46:06,-49,-78,リビング,2
2118,2022-07-30 15:46:09,-33,-77,リビング,2
2121,2022-07-30 15:46:12,-110,-79,玄関,1
2124,2022-07-30 15:46:15,-110,-78,玄関,1
2127,2022-07-30 15:46:18,-88,-82,玄関,1
2130,2022-07-30 15:46:21,-110,-110,圏外,0
2133,2022-07-30 15:46:24,-35,-110,リビング,2
